border,back,ink,mask,stock
bare,odal-rune,chariot-brilliant,none,chariot-gloss
solar-cross,saxon-bordered,chariot-bright,none,chariot-gloss
midgard-serpent,cup-wider,chariot-bright,none,chariot
solar-cross,cinematic,chariot,none,chariot
haus-4,compass,chariot,none,chariot
haus-1,swords,chariot,none,chariot
moon,cinematic,chariot,none,chariot
staggered,oath-rings-inverted,sultan,none,black
line,saxon-bordered,energetic-brilliant,none,black
naked,odal-rune,crystal,none,chariot
round,worn-saxon,energetic-brilliant,none,white
staggered,cup-extra,octarine-bright,none,chariot
haus-2,wyrd,energetic,none,black
thin,odal-rune,dusk,none,black
sun,saxon,octarine-bright,none,black
bare,raven-outline,sanguine-bright,none,black
birka,cup-inverted,octarine,mask-birka,black
haus-2,saxon,copper,none,black
worn-saxon,knotwork-ravens,sanguine,none,black
greek,swords,lavender,mask-greek,black
moon,swords,octarine-bright,mask-birka,black
bare,cup-extra,lavender,none,black
staggered,oath-rings-inverted,octarine-brilliant,none,black
round,oath-rings,octarine,none,black
birka,raven-outline,witching-hour,none,black
haus-4,saxon-bordered,santo,none,white
valknut,saxon-bordered,witching-hour,mask-line,white
staggered,oath-rings,energetic,none,chariot
haus-3,knotwork-moon,ferrous-brilliant,none,white
solar-cross,odal-rune,octarine,none,black
haus-3,compass,gold,none,black
saxon-worn,knotwork-moon,sanguine,none,black
naked,fate,sanguine,none,white
midgard-serpent,helmet,ferrous,none,black
sun,wyrd,lavender-bright,none,white
thin,oath-rings,energetic,none,black
staggered,worn-saxon,santo,none,black
naked,fate,ferrous,none,black
valknut,knotwork-moon,energetic-bright,none,black
saxon-worn,cinematic,sanguine,none,chariot
solar-cross,knotwork-moon,garnet,none,white
midgard-serpent,worn-saxon,ferrous-bright,none,black
midgard-serpent,cup-wider,copper,none,black
moon,oath-rings,santo,none,chariot
round,oath-rings-inverted,sultan,mask-line,black
staggered,worn-saxon,sanguine-brilliant,none,black
thin,saxon,bubble-gum,none,black
haus-3,oath-rings-inverted,copper,none,black
saxon-worn,saxon,lavender-brilliant,none,black
saxon,oath-rings-inverted,energetic,none,white
haus-4,wyrd,sanguine-brilliant,none,black
naked,saxon,lavender,none,black
haus-1,swords,energetic,none,black
birka-inverted,cinematic,octarine,none,chariot
moon,raven-outline,witching-hour,none,black
naked,helmet,chariot,none,white
odal,oath-rings-inverted,sanguine-brilliant,none,black
thin,worn-saxon,ward,none,chariot
thicc,cinematic,crystal,none,black
staggered,knotwork-moon,ferrous-brilliant,none,white
haus-2,worn-saxon,ferrous-brilliant,none,white
haus-4,raven-solid,cinematic,none,black
worn-saxon,cup-extra,energetic-bright,none,black
birka,cup-wider,dawn,none,black
greek,swords,copper,none,white
thin,compass,octarine,none,black
odal,oath-rings,copper,none,white
naked,raven-solid,energetic,none,black
bare,swords,ferrous,none,white
haus-2,odal-rune,witching-hour,none,black
midgard-serpent,raven-outline,octarine-brilliant,none,black
saxon-worn,oath-rings-inverted,ferrous,none,black
haus-1,wyrd,lavender,none,black
haus-1,swords,ward,none,black
sun,cinematic,sultan,none,white
midgard-serpent,knotwork-moon,lavender,none,black
saxon,swords,lavender,none,chariot
birka-inverted,raven-solid,santo-bright,none,black
greek,saxon,cinematic,mask-greek,white
thicc,worn-saxon,octarine-brilliant,mask-line,white
greek,compass,garnet,none,black
sun,knotwork-moon,gold,none,chariot
moon,wyrd,ferrous-bright,none,black
round,helmet,energetic,none,white
staggered,raven-solid,octarine-bright,none,black
solar-cross,helmet,santo,none,black
birka,swords,ferrous,none,black
greek,knotwork-ravens,copper,none,black
naked,cup-wider,dawn,none,black
moon,saxon,ferrous,none,black
line,fate,ferrous,none,black
round,knotwork-ravens,sultan,none,white
haus-1,raven-outline,energetic-brilliant,none,black
haus-2,helmet,energetic-brilliant,none,black
moon,knotwork-ravens,chariot-bright,none,white
line,wyrd,sanguine,none,black
haus-4,oath-rings-inverted,dusk,none,black
midgard-serpent,knotwork-moon,lavender,none,black
birka-inverted,cups,santo,none,white
valknut,oath-rings,octarine,mask-haus,black
sun,wyrd,sultana,none,black
round,cup-extra,energetic,none,chariot
solar-cross,helmet,ferrous,none,black
thin,cup-wider,octarine-bright,none,white
round,swords,sanguine,none,black
line,saxon-bordered,octarine,mask-line,black
staggered,wyrd,lavender,none,white
midgard-serpent,knotwork-ravens,dusk,none,black
odal,raven-solid,crystal,none,chariot
solar-cross,cup-extra,energetic-brilliant,none,black
